"","Entity","Code","Day","restrictions_internal_movements"
"1","Mexico","MEX","2020-01-01",0
"2","Mexico","MEX","2020-01-02",0
"3","Mexico","MEX","2020-01-03",0
"4","Mexico","MEX","2020-01-04",0
"5","Mexico","MEX","2020-01-05",0
"6","Mexico","MEX","2020-01-06",0
"7","Mexico","MEX","2020-01-07",0
"8","Mexico","MEX","2020-01-08",0
"9","Mexico","MEX","2020-01-09",0
"10","Mexico","MEX","2020-01-10",0
"11","Mexico","MEX","2020-01-11",0
"12","Mexico","MEX","2020-01-12",0
"13","Mexico","MEX","2020-01-13",0
"14","Mexico","MEX","2020-01-14",0
"15","Mexico","MEX","2020-01-15",0
"16","Mexico","MEX","2020-01-16",0
"17","Mexico","MEX","2020-01-17",0
"18","Mexico","MEX","2020-01-18",0
"19","Mexico","MEX","2020-01-19",0
"20","Mexico","MEX","2020-01-20",0
"21","Mexico","MEX","2020-01-21",0
"22","Mexico","MEX","2020-01-22",0
"23","Mexico","MEX","2020-01-23",0
"24","Mexico","MEX","2020-01-24",0
"25","Mexico","MEX","2020-01-25",0
"26","Mexico","MEX","2020-01-26",0
"27","Mexico","MEX","2020-01-27",0
"28","Mexico","MEX","2020-01-28",0
"29","Mexico","MEX","2020-01-29",0
"30","Mexico","MEX","2020-01-30",0
"31","Mexico","MEX","2020-01-31",0
"32","Mexico","MEX","2020-02-01",0
"33","Mexico","MEX","2020-02-02",0
"34","Mexico","MEX","2020-02-03",0
"35","Mexico","MEX","2020-02-04",0
"36","Mexico","MEX","2020-02-05",0
"37","Mexico","MEX","2020-02-06",0
"38","Mexico","MEX","2020-02-07",0
"39","Mexico","MEX","2020-02-08",0
"40","Mexico","MEX","2020-02-09",0
"41","Mexico","MEX","2020-02-10",0
"42","Mexico","MEX","2020-02-11",0
"43","Mexico","MEX","2020-02-12",0
"44","Mexico","MEX","2020-02-13",0
"45","Mexico","MEX","2020-02-14",0
"46","Mexico","MEX","2020-02-15",0
"47","Mexico","MEX","2020-02-16",0
"48","Mexico","MEX","2020-02-17",0
"49","Mexico","MEX","2020-02-18",0
"50","Mexico","MEX","2020-02-19",0
"51","Mexico","MEX","2020-02-20",0
"52","Mexico","MEX","2020-02-21",0
"53","Mexico","MEX","2020-02-22",0
"54","Mexico","MEX","2020-02-23",0
"55","Mexico","MEX","2020-02-24",0
"56","Mexico","MEX","2020-02-25",0
"57","Mexico","MEX","2020-02-26",0
"58","Mexico","MEX","2020-02-27",0
"59","Mexico","MEX","2020-02-28",0
"60","Mexico","MEX","2020-02-29",0
"61","Mexico","MEX","2020-03-01",0
"62","Mexico","MEX","2020-03-02",0
"63","Mexico","MEX","2020-03-03",0
"64","Mexico","MEX","2020-03-04",0
"65","Mexico","MEX","2020-03-05",0
"66","Mexico","MEX","2020-03-06",0
"67","Mexico","MEX","2020-03-07",0
"68","Mexico","MEX","2020-03-08",0
"69","Mexico","MEX","2020-03-09",0
"70","Mexico","MEX","2020-03-10",0
"71","Mexico","MEX","2020-03-11",0
"72","Mexico","MEX","2020-03-12",0
"73","Mexico","MEX","2020-03-13",0
"74","Mexico","MEX","2020-03-14",0
"75","Mexico","MEX","2020-03-15",0
"76","Mexico","MEX","2020-03-16",0
"77","Mexico","MEX","2020-03-17",0
"78","Mexico","MEX","2020-03-18",0
"79","Mexico","MEX","2020-03-19",0
"80","Mexico","MEX","2020-03-20",0
"81","Mexico","MEX","2020-03-21",0
"82","Mexico","MEX","2020-03-22",0
"83","Mexico","MEX","2020-03-23",0
"84","Mexico","MEX","2020-03-24",1
"85","Mexico","MEX","2020-03-25",1
"86","Mexico","MEX","2020-03-26",1
"87","Mexico","MEX","2020-03-27",1
"88","Mexico","MEX","2020-03-28",1
"89","Mexico","MEX","2020-03-29",1
"90","Mexico","MEX","2020-03-30",2
"91","Mexico","MEX","2020-03-31",2
"92","Mexico","MEX","2020-04-01",2
"93","Mexico","MEX","2020-04-02",2
"94","Mexico","MEX","2020-04-03",2
"95","Mexico","MEX","2020-04-04",2
"96","Mexico","MEX","2020-04-05",2
"97","Mexico","MEX","2020-04-06",2
"98","Mexico","MEX","2020-04-07",2
"99","Mexico","MEX","2020-04-08",2
"100","Mexico","MEX","2020-04-09",2
"101","Mexico","MEX","2020-04-10",2
"102","Mexico","MEX","2020-04-11",2
"103","Mexico","MEX","2020-04-12",2
"104","Mexico","MEX","2020-04-13",2
"105","Mexico","MEX","2020-04-14",2
"106","Mexico","MEX","2020-04-15",2
"107","Mexico","MEX","2020-04-16",2
"108","Mexico","MEX","2020-04-17",2
"109","Mexico","MEX","2020-04-18",2
"110","Mexico","MEX","2020-04-19",2
"111","Mexico","MEX","2020-04-20",2
"112","Mexico","MEX","2020-04-21",2
"113","Mexico","MEX","2020-04-22",2
"114","Mexico","MEX","2020-04-23",2
"115","Mexico","MEX","2020-04-24",2
"116","Mexico","MEX","2020-04-25",2
"117","Mexico","MEX","2020-04-26",2
"118","Mexico","MEX","2020-04-27",2
"119","Mexico","MEX","2020-04-28",2
"120","Mexico","MEX","2020-04-29",2
"121","Mexico","MEX","2020-04-30",2
"122","Mexico","MEX","2020-05-01",2
"123","Mexico","MEX","2020-05-02",2
"124","Mexico","MEX","2020-05-03",2
"125","Mexico","MEX","2020-05-04",2
"126","Mexico","MEX","2020-05-05",2
"127","Mexico","MEX","2020-05-06",2
"128","Mexico","MEX","2020-05-07",2
"129","Mexico","MEX","2020-05-08",2
"130","Mexico","MEX","2020-05-09",2
"131","Mexico","MEX","2020-05-10",2
"132","Mexico","MEX","2020-05-11",2
"133","Mexico","MEX","2020-05-12",2
"134","Mexico","MEX","2020-05-13",2
"135","Mexico","MEX","2020-05-14",2
"136","Mexico","MEX","2020-05-15",2
"137","Mexico","MEX","2020-05-16",2
"138","Mexico","MEX","2020-05-17",2
"139","Mexico","MEX","2020-05-18",2
"140","Mexico","MEX","2020-05-19",2
"141","Mexico","MEX","2020-05-20",2
"142","Mexico","MEX","2020-05-21",2
"143","Mexico","MEX","2020-05-22",2
"144","Mexico","MEX","2020-05-23",2
"145","Mexico","MEX","2020-05-24",2
"146","Mexico","MEX","2020-05-25",2
"147","Mexico","MEX","2020-05-26",2
"148","Mexico","MEX","2020-05-27",2
"149","Mexico","MEX","2020-05-28",2
"150","Mexico","MEX","2020-05-29",2
"151","Mexico","MEX","2020-05-30",2
"152","Mexico","MEX","2020-05-31",2
"153","Mexico","MEX","2020-06-01",2
"154","Mexico","MEX","2020-06-02",2
"155","Mexico","MEX","2020-06-03",2
"156","Mexico","MEX","2020-06-04",2
"157","Mexico","MEX","2020-06-05",2
"158","Mexico","MEX","2020-06-06",2
"159","Mexico","MEX","2020-06-07",2
"160","Mexico","MEX","2020-06-08",2
"161","Mexico","MEX","2020-06-09",2
"162","Mexico","MEX","2020-06-10",2
"163","Mexico","MEX","2020-06-11",2
"164","Mexico","MEX","2020-06-12",2
"165","Mexico","MEX","2020-06-13",2
"166","Mexico","MEX","2020-06-14",2
"167","Mexico","MEX","2020-06-15",2
"168","Mexico","MEX","2020-06-16",2
"169","Mexico","MEX","2020-06-17",2
"170","Mexico","MEX","2020-06-18",2
"171","Mexico","MEX","2020-06-19",2
"172","Mexico","MEX","2020-06-20",2
"173","Mexico","MEX","2020-06-21",2
"174","Mexico","MEX","2020-06-22",2
"175","Mexico","MEX","2020-06-23",2
"176","Mexico","MEX","2020-06-24",2
"177","Mexico","MEX","2020-06-25",2
"178","Mexico","MEX","2020-06-26",2
"179","Mexico","MEX","2020-06-27",2
"180","Mexico","MEX","2020-06-28",2
"181","Mexico","MEX","2020-06-29",2
"182","Mexico","MEX","2020-06-30",2
"183","Mexico","MEX","2020-07-01",2
"184","Mexico","MEX","2020-07-02",2
"185","Mexico","MEX","2020-07-03",2
"186","Mexico","MEX","2020-07-04",2
"187","Mexico","MEX","2020-07-05",2
"188","Mexico","MEX","2020-07-06",2
"189","Mexico","MEX","2020-07-07",2
"190","Mexico","MEX","2020-07-08",2
"191","Mexico","MEX","2020-07-09",2
"192","Mexico","MEX","2020-07-10",2
"193","Mexico","MEX","2020-07-11",2
"194","Mexico","MEX","2020-07-12",2
"195","Mexico","MEX","2020-07-13",2
"196","Mexico","MEX","2020-07-14",2
"197","Mexico","MEX","2020-07-15",2
"198","Mexico","MEX","2020-07-16",2
"199","Mexico","MEX","2020-07-17",2
"200","Mexico","MEX","2020-07-18",2
"201","Mexico","MEX","2020-07-19",2
"202","Mexico","MEX","2020-07-20",2
"203","Mexico","MEX","2020-07-21",2
"204","Mexico","MEX","2020-07-22",2
"205","Mexico","MEX","2020-07-23",2
"206","Mexico","MEX","2020-07-24",2
"207","Mexico","MEX","2020-07-25",2
"208","Mexico","MEX","2020-07-26",2
"209","Mexico","MEX","2020-07-27",2
"210","Mexico","MEX","2020-07-28",2
"211","Mexico","MEX","2020-07-29",2
"212","Mexico","MEX","2020-07-30",2
"213","Mexico","MEX","2020-07-31",2
"214","Mexico","MEX","2020-08-01",2
"215","Mexico","MEX","2020-08-02",2
"216","Mexico","MEX","2020-08-03",2
"217","Mexico","MEX","2020-08-04",2
"218","Mexico","MEX","2020-08-05",2
"219","Mexico","MEX","2020-08-06",2
"220","Mexico","MEX","2020-08-07",2
"221","Mexico","MEX","2020-08-08",2
"222","Mexico","MEX","2020-08-09",2
"223","Mexico","MEX","2020-08-10",2
"224","Mexico","MEX","2020-08-11",2
"225","Mexico","MEX","2020-08-12",2
"226","Mexico","MEX","2020-08-13",2
"227","Mexico","MEX","2020-08-14",2
"228","Mexico","MEX","2020-08-15",2
"229","Mexico","MEX","2020-08-16",2
"230","Mexico","MEX","2020-08-17",2
"231","Mexico","MEX","2020-08-18",2
"232","Mexico","MEX","2020-08-19",2
"233","Mexico","MEX","2020-08-20",2
"234","Mexico","MEX","2020-08-21",2
"235","Mexico","MEX","2020-08-22",2
"236","Mexico","MEX","2020-08-23",2
"237","Mexico","MEX","2020-08-24",2
"238","Mexico","MEX","2020-08-25",2
"239","Mexico","MEX","2020-08-26",2
"240","Mexico","MEX","2020-08-27",2
"241","Mexico","MEX","2020-08-28",2
"242","Mexico","MEX","2020-08-29",2
"243","Mexico","MEX","2020-08-30",2
"244","Mexico","MEX","2020-08-31",2
"245","Mexico","MEX","2020-09-01",2
"246","Mexico","MEX","2020-09-02",2
"247","Mexico","MEX","2020-09-03",2
"248","Mexico","MEX","2020-09-04",2
"249","Mexico","MEX","2020-09-05",2
"250","Mexico","MEX","2020-09-06",2
"251","Mexico","MEX","2020-09-07",2
"252","Mexico","MEX","2020-09-08",2
"253","Mexico","MEX","2020-09-09",2
"254","Mexico","MEX","2020-09-10",2
"255","Mexico","MEX","2020-09-11",2
"256","Mexico","MEX","2020-09-12",2
"257","Mexico","MEX","2020-09-13",2
"258","Mexico","MEX","2020-09-14",2
"259","Mexico","MEX","2020-09-15",2
"260","Mexico","MEX","2020-09-16",2
"261","Mexico","MEX","2020-09-17",2
"262","Mexico","MEX","2020-09-18",2
"263","Mexico","MEX","2020-09-19",2
"264","Mexico","MEX","2020-09-20",2
"265","Mexico","MEX","2020-09-21",2
"266","Mexico","MEX","2020-09-22",2
"267","Mexico","MEX","2020-09-23",2
"268","Mexico","MEX","2020-09-24",2
"269","Mexico","MEX","2020-09-25",2
"270","Mexico","MEX","2020-09-26",2
"271","Mexico","MEX","2020-09-27",2
"272","Mexico","MEX","2020-09-28",2
"273","Mexico","MEX","2020-09-29",2
"274","Mexico","MEX","2020-09-30",2
"275","Mexico","MEX","2020-10-01",2
"276","Mexico","MEX","2020-10-02",2
"277","Mexico","MEX","2020-10-03",2
"278","Mexico","MEX","2020-10-04",2
"279","Mexico","MEX","2020-10-05",2
"280","Mexico","MEX","2020-10-06",2
"281","Mexico","MEX","2020-10-07",2
"282","Mexico","MEX","2020-10-08",2
"283","Mexico","MEX","2020-10-09",2
"284","Mexico","MEX","2020-10-10",2
"285","Mexico","MEX","2020-10-11",2
"286","Mexico","MEX","2020-10-12",2
"287","Mexico","MEX","2020-10-13",2
"288","Mexico","MEX","2020-10-14",2
"289","Mexico","MEX","2020-10-15",2
"290","Mexico","MEX","2020-10-16",2
"291","Mexico","MEX","2020-10-17",2
"292","Mexico","MEX","2020-10-18",2
"293","Mexico","MEX","2020-10-19",2
"294","Mexico","MEX","2020-10-20",2
"295","Mexico","MEX","2020-10-21",2
"296","Mexico","MEX","2020-10-22",2
"297","Mexico","MEX","2020-10-23",2
"298","Mexico","MEX","2020-10-24",2
"299","Mexico","MEX","2020-10-25",2
"300","Mexico","MEX","2020-10-26",2
"301","Mexico","MEX","2020-10-27",2
"302","Mexico","MEX","2020-10-28",2
"303","Mexico","MEX","2020-10-29",2
"304","Mexico","MEX","2020-10-30",2
"305","Mexico","MEX","2020-10-31",2
"306","Mexico","MEX","2020-11-01",2
"307","Mexico","MEX","2020-11-02",2
"308","Mexico","MEX","2020-11-03",2
"309","Mexico","MEX","2020-11-04",2
"310","Mexico","MEX","2020-11-05",2
"311","Mexico","MEX","2020-11-06",2
"312","Mexico","MEX","2020-11-07",2
"313","Mexico","MEX","2020-11-08",2
"314","Mexico","MEX","2020-11-09",2
"315","Mexico","MEX","2020-11-10",2
"316","Mexico","MEX","2020-11-11",2
"317","Mexico","MEX","2020-11-12",2
"318","Mexico","MEX","2020-11-13",2
"319","Mexico","MEX","2020-11-14",2
"320","Mexico","MEX","2020-11-15",2
"321","Mexico","MEX","2020-11-16",2
"322","Mexico","MEX","2020-11-17",2
"323","Mexico","MEX","2020-11-18",2
"324","Mexico","MEX","2020-11-19",2
"325","Mexico","MEX","2020-11-20",2
"326","Mexico","MEX","2020-11-21",2
"327","Mexico","MEX","2020-11-22",2
"328","Mexico","MEX","2020-11-23",2
"329","Mexico","MEX","2020-11-24",2
"330","Mexico","MEX","2020-11-25",2
"331","Mexico","MEX","2020-11-26",2
"332","Mexico","MEX","2020-11-27",2
"333","Mexico","MEX","2020-11-28",2
"334","Mexico","MEX","2020-11-29",2
"335","Mexico","MEX","2020-11-30",2
"336","Mexico","MEX","2020-12-01",2
"337","Mexico","MEX","2020-12-02",2
"338","Mexico","MEX","2020-12-03",2
"339","Mexico","MEX","2020-12-04",2
"340","Mexico","MEX","2020-12-05",2
"341","Mexico","MEX","2020-12-06",2
"342","Mexico","MEX","2020-12-07",2
"343","Mexico","MEX","2020-12-08",2
"344","Mexico","MEX","2020-12-09",2
"345","Mexico","MEX","2020-12-10",2
"346","Mexico","MEX","2020-12-11",2
"347","Mexico","MEX","2020-12-12",2
"348","Mexico","MEX","2020-12-13",2
"349","Mexico","MEX","2020-12-14",2
"350","Mexico","MEX","2020-12-15",2
"351","Mexico","MEX","2020-12-16",2
"352","Mexico","MEX","2020-12-17",2
"353","Mexico","MEX","2020-12-18",2
"354","Mexico","MEX","2020-12-19",2
"355","Mexico","MEX","2020-12-20",2
"356","Mexico","MEX","2020-12-21",2
"357","Mexico","MEX","2020-12-22",2
"358","Mexico","MEX","2020-12-23",2
"359","Mexico","MEX","2020-12-24",2
"360","Mexico","MEX","2020-12-25",2
"361","Mexico","MEX","2020-12-26",2
"362","Mexico","MEX","2020-12-27",2
"363","Mexico","MEX","2020-12-28",2
"364","Mexico","MEX","2020-12-29",2
"365","Mexico","MEX","2020-12-30",2
"366","Mexico","MEX","2020-12-31",2
"367","Mexico","MEX","2021-01-01",2
"368","Mexico","MEX","2021-01-02",2
"369","Mexico","MEX","2021-01-03",2
"370","Mexico","MEX","2021-01-04",2
"371","Mexico","MEX","2021-01-05",2
"372","Mexico","MEX","2021-01-06",2
"373","Mexico","MEX","2021-01-07",2
"374","Mexico","MEX","2021-01-08",2
"375","Mexico","MEX","2021-01-09",2
"376","Mexico","MEX","2021-01-10",2
"377","Mexico","MEX","2021-01-11",2
"378","Mexico","MEX","2021-01-12",2
"379","Mexico","MEX","2021-01-13",2
"380","Mexico","MEX","2021-01-14",2
"381","Mexico","MEX","2021-01-15",2
"382","Mexico","MEX","2021-01-16",2
"383","Mexico","MEX","2021-01-17",2
"384","Mexico","MEX","2021-01-18",2
"385","Mexico","MEX","2021-01-19",2
"386","Mexico","MEX","2021-01-20",2
"387","Mexico","MEX","2021-01-21",2
"388","Mexico","MEX","2021-01-22",2
"389","Mexico","MEX","2021-01-23",2
"390","Mexico","MEX","2021-01-24",2
"391","Mexico","MEX","2021-01-25",2
"392","Mexico","MEX","2021-01-26",2
"393","Mexico","MEX","2021-01-27",2
"394","Mexico","MEX","2021-01-28",2
"395","Mexico","MEX","2021-01-29",2
"396","Mexico","MEX","2021-01-30",2
"397","Mexico","MEX","2021-01-31",2
"398","Mexico","MEX","2021-02-01",2
"399","Mexico","MEX","2021-02-02",2
"400","Mexico","MEX","2021-02-03",2
"401","Mexico","MEX","2021-02-04",2
"402","Mexico","MEX","2021-02-05",2
"403","Mexico","MEX","2021-02-06",2
"404","Mexico","MEX","2021-02-07",2
"405","Mexico","MEX","2021-02-08",2
"406","Mexico","MEX","2021-02-09",2
"407","Mexico","MEX","2021-02-10",2
"408","Mexico","MEX","2021-02-11",2
"409","Mexico","MEX","2021-02-12",2
"410","Mexico","MEX","2021-02-13",2
"411","Mexico","MEX","2021-02-14",2
"412","Mexico","MEX","2021-02-15",2
"413","Mexico","MEX","2021-02-16",2
"414","Mexico","MEX","2021-02-17",2
"415","Mexico","MEX","2021-02-18",2
"416","Mexico","MEX","2021-02-19",2
"417","Mexico","MEX","2021-02-20",2
"418","Mexico","MEX","2021-02-21",2
"419","Mexico","MEX","2021-02-22",2
"420","Mexico","MEX","2021-02-23",2
"421","Mexico","MEX","2021-02-24",2
"422","Mexico","MEX","2021-02-25",2
"423","Mexico","MEX","2021-02-26",2
"424","Mexico","MEX","2021-02-27",2
"425","Mexico","MEX","2021-02-28",2
"426","Mexico","MEX","2021-03-01",2
"427","Mexico","MEX","2021-03-02",2
"428","Mexico","MEX","2021-03-03",2
"429","Mexico","MEX","2021-03-04",2
"430","Mexico","MEX","2021-03-05",2
"431","Mexico","MEX","2021-03-06",2
"432","Mexico","MEX","2021-03-07",2
"433","Mexico","MEX","2021-03-08",2
"434","Mexico","MEX","2021-03-09",2
"435","Mexico","MEX","2021-03-10",2
"436","Mexico","MEX","2021-03-11",2
"437","Mexico","MEX","2021-03-12",2
"438","Mexico","MEX","2021-03-13",2
"439","Mexico","MEX","2021-03-14",2
"440","Mexico","MEX","2021-03-15",2
"441","Mexico","MEX","2021-03-16",2
"442","Mexico","MEX","2021-03-17",2
"443","Mexico","MEX","2021-03-18",2
"444","Mexico","MEX","2021-03-19",2
"445","Mexico","MEX","2021-03-20",2
"446","Mexico","MEX","2021-03-21",2
"447","Mexico","MEX","2021-03-22",2
"448","Mexico","MEX","2021-03-23",2
"449","Mexico","MEX","2021-03-24",2
"450","Mexico","MEX","2021-03-25",2
"451","Mexico","MEX","2021-03-26",2
"452","Mexico","MEX","2021-03-27",2
"453","Mexico","MEX","2021-03-28",2
"454","Mexico","MEX","2021-03-29",2
"455","Mexico","MEX","2021-03-30",2
"456","Mexico","MEX","2021-03-31",2
"457","Mexico","MEX","2021-04-01",2
"458","Mexico","MEX","2021-04-02",2
"459","Mexico","MEX","2021-04-03",2
"460","Mexico","MEX","2021-04-04",2
"461","Mexico","MEX","2021-04-05",2
"462","Mexico","MEX","2021-04-06",2
"463","Mexico","MEX","2021-04-07",2
"464","Mexico","MEX","2021-04-08",2
"465","Mexico","MEX","2021-04-09",2
"466","Mexico","MEX","2021-04-10",2
"467","Mexico","MEX","2021-04-11",2
"468","Mexico","MEX","2021-04-12",2
"469","Mexico","MEX","2021-04-13",2
"470","Mexico","MEX","2021-04-14",2
"471","Mexico","MEX","2021-04-15",2
"472","Mexico","MEX","2021-04-16",2
"473","Mexico","MEX","2021-04-17",2
"474","Mexico","MEX","2021-04-18",2
"475","Mexico","MEX","2021-04-19",2
"476","Mexico","MEX","2021-04-20",2
"477","Mexico","MEX","2021-04-21",2
"478","Mexico","MEX","2021-04-22",2
"479","Mexico","MEX","2021-04-23",2
"480","Mexico","MEX","2021-04-24",2
"481","Mexico","MEX","2021-04-25",2
"482","Mexico","MEX","2021-04-26",2
"483","Mexico","MEX","2021-04-27",2
"484","Mexico","MEX","2021-04-28",2
"485","Mexico","MEX","2021-04-29",2
"486","Mexico","MEX","2021-04-30",2
"487","Mexico","MEX","2021-05-01",2
"488","Mexico","MEX","2021-05-02",2
"489","Mexico","MEX","2021-05-03",2
"490","Mexico","MEX","2021-05-04",2
"491","Mexico","MEX","2021-05-05",2
"492","Mexico","MEX","2021-05-06",2
"493","Mexico","MEX","2021-05-07",2
"494","Mexico","MEX","2021-05-08",2
"495","Mexico","MEX","2021-05-09",2
"496","Mexico","MEX","2021-05-10",2
"497","Mexico","MEX","2021-05-11",2
"498","Mexico","MEX","2021-05-12",2
"499","Mexico","MEX","2021-05-13",2
"500","Mexico","MEX","2021-05-14",2
"501","Mexico","MEX","2021-05-15",2
"502","Mexico","MEX","2021-05-16",2
"503","Mexico","MEX","2021-05-17",2
"504","Mexico","MEX","2021-05-18",2
"505","Mexico","MEX","2021-05-19",2
"506","Mexico","MEX","2021-05-20",2
"507","Mexico","MEX","2021-05-21",2
"508","Mexico","MEX","2021-05-22",2
"509","Mexico","MEX","2021-05-23",2
"510","Mexico","MEX","2021-05-24",2
"511","Mexico","MEX","2021-05-25",2
"512","Mexico","MEX","2021-05-26",2
"513","Mexico","MEX","2021-05-27",2
"514","Mexico","MEX","2021-05-28",2
"515","Mexico","MEX","2021-05-29",2
"516","Mexico","MEX","2021-05-30",2
"517","Mexico","MEX","2021-05-31",2
"518","Mexico","MEX","2021-06-01",2
"519","Mexico","MEX","2021-06-02",2
"520","Mexico","MEX","2021-06-03",2
"521","Mexico","MEX","2021-06-04",2
"522","Mexico","MEX","2021-06-05",2
"523","Mexico","MEX","2021-06-06",2
"524","Mexico","MEX","2021-06-07",2
"525","Mexico","MEX","2021-06-08",2
"526","Mexico","MEX","2021-06-09",2
"527","Mexico","MEX","2021-06-10",2
"528","Mexico","MEX","2021-06-11",2
"529","Mexico","MEX","2021-06-12",2
"530","Mexico","MEX","2021-06-13",2
"531","Mexico","MEX","2021-06-14",2
"532","Mexico","MEX","2021-06-15",2
"533","Mexico","MEX","2021-06-16",2
"534","Mexico","MEX","2021-06-17",2
"535","Mexico","MEX","2021-06-18",2
"536","Mexico","MEX","2021-06-19",2
"537","Mexico","MEX","2021-06-20",2
"538","Mexico","MEX","2021-06-21",2
"539","Mexico","MEX","2021-06-22",2
"540","Mexico","MEX","2021-06-23",2
"541","Mexico","MEX","2021-06-24",2
"542","Mexico","MEX","2021-06-25",2
"543","Mexico","MEX","2021-06-26",2
"544","Mexico","MEX","2021-06-27",2
"545","Mexico","MEX","2021-06-28",2
"546","Mexico","MEX","2021-06-29",2
"547","Mexico","MEX","2021-06-30",2
"548","Mexico","MEX","2021-07-01",2
"549","Mexico","MEX","2021-07-02",2
"550","Mexico","MEX","2021-07-03",2
"551","Mexico","MEX","2021-07-04",2
"552","Mexico","MEX","2021-07-05",2
"553","Mexico","MEX","2021-07-06",2
"554","Mexico","MEX","2021-07-07",2
"555","Mexico","MEX","2021-07-08",2
"556","Mexico","MEX","2021-07-09",2
"557","Mexico","MEX","2021-07-10",2
"558","Mexico","MEX","2021-07-11",2
"559","Mexico","MEX","2021-07-12",2
"560","Mexico","MEX","2021-07-13",2
"561","Mexico","MEX","2021-07-14",2
"562","Mexico","MEX","2021-07-15",2
"563","Mexico","MEX","2021-07-16",2
"564","Mexico","MEX","2021-07-17",2
"565","Mexico","MEX","2021-07-18",2
"566","Mexico","MEX","2021-07-19",2
"567","Mexico","MEX","2021-07-20",2
"568","Mexico","MEX","2021-07-21",2
"569","Mexico","MEX","2021-07-22",2
"570","Mexico","MEX","2021-07-23",2
"571","Mexico","MEX","2021-07-24",2
"572","Mexico","MEX","2021-07-25",2
"573","Mexico","MEX","2021-07-26",2
"574","Mexico","MEX","2021-07-27",2
"575","Mexico","MEX","2021-07-28",2
"576","Mexico","MEX","2021-07-29",2
"577","Mexico","MEX","2021-07-30",2
"578","Mexico","MEX","2021-07-31",2
"579","Mexico","MEX","2021-08-01",2
"580","Mexico","MEX","2021-08-02",2
"581","Mexico","MEX","2021-08-03",2
"582","Mexico","MEX","2021-08-04",2
"583","Mexico","MEX","2021-08-05",2
"584","Mexico","MEX","2021-08-06",2
"585","Mexico","MEX","2021-08-07",2
"586","Mexico","MEX","2021-08-08",2
"587","Mexico","MEX","2021-08-09",2
"588","Mexico","MEX","2021-08-10",2
"589","Mexico","MEX","2021-08-11",2
"590","Mexico","MEX","2021-08-12",2
"591","Mexico","MEX","2021-08-13",2
"592","Mexico","MEX","2021-08-14",2
"593","Mexico","MEX","2021-08-15",2
"594","Mexico","MEX","2021-08-16",2
"595","Mexico","MEX","2021-08-17",2
"596","Mexico","MEX","2021-08-18",2
"597","Mexico","MEX","2021-08-19",2
"598","Mexico","MEX","2021-08-20",2
"599","Mexico","MEX","2021-08-21",2
"600","Mexico","MEX","2021-08-22",2
"601","Mexico","MEX","2021-08-23",2
"602","Mexico","MEX","2021-08-24",2
"603","Mexico","MEX","2021-08-25",2
"604","Mexico","MEX","2021-08-26",2
"605","Mexico","MEX","2021-08-27",2
"606","Mexico","MEX","2021-08-28",2
"607","Mexico","MEX","2021-08-29",2
"608","Mexico","MEX","2021-08-30",2
"609","Mexico","MEX","2021-08-31",2
"610","Mexico","MEX","2021-09-01",2
"611","Mexico","MEX","2021-09-02",2
"612","Mexico","MEX","2021-09-03",2
"613","Mexico","MEX","2021-09-04",2
"614","Mexico","MEX","2021-09-05",2
"615","Mexico","MEX","2021-09-06",2
"616","Mexico","MEX","2021-09-07",2
"617","Mexico","MEX","2021-09-08",2
"618","Mexico","MEX","2021-09-09",2
"619","Mexico","MEX","2021-09-10",2
"620","Mexico","MEX","2021-09-11",2
"621","Mexico","MEX","2021-09-12",2
"622","Mexico","MEX","2021-09-13",2
"623","Mexico","MEX","2021-09-14",2
"624","Mexico","MEX","2021-09-15",2
"625","Mexico","MEX","2021-09-16",2
"626","Mexico","MEX","2021-09-17",2
"627","Mexico","MEX","2021-09-18",2
"628","Mexico","MEX","2021-09-19",2
"629","Mexico","MEX","2021-09-20",2
"630","Mexico","MEX","2021-09-21",2
"631","Mexico","MEX","2021-09-22",2
"632","Mexico","MEX","2021-09-23",2
"633","Mexico","MEX","2021-09-24",2
"634","Mexico","MEX","2021-09-25",2
"635","Mexico","MEX","2021-09-26",2
"636","Mexico","MEX","2021-09-27",2
"637","Mexico","MEX","2021-09-28",2
"638","Mexico","MEX","2021-09-29",2
"639","Mexico","MEX","2021-09-30",2
"640","Mexico","MEX","2021-10-01",2
"641","Mexico","MEX","2021-10-02",2
"642","Mexico","MEX","2021-10-03",2
"643","Mexico","MEX","2021-10-04",2
"644","Mexico","MEX","2021-10-05",2
"645","Mexico","MEX","2021-10-06",2
"646","Mexico","MEX","2021-10-07",2
"647","Mexico","MEX","2021-10-08",2
"648","Mexico","MEX","2021-10-09",2
"649","Mexico","MEX","2021-10-10",2
"650","Mexico","MEX","2021-10-11",2
"651","Mexico","MEX","2021-10-12",2
"652","Mexico","MEX","2021-10-13",2
"653","Mexico","MEX","2021-10-14",2
"654","Mexico","MEX","2021-10-15",2
"655","Mexico","MEX","2021-10-16",2
"656","Mexico","MEX","2021-10-17",2
"657","Mexico","MEX","2021-10-18",2
"658","Mexico","MEX","2021-10-19",2
"659","Mexico","MEX","2021-10-20",2
"660","Mexico","MEX","2021-10-21",2
"661","Mexico","MEX","2021-10-22",2
"662","Mexico","MEX","2021-10-23",2
"663","Mexico","MEX","2021-10-24",2
"664","Mexico","MEX","2021-10-25",2
"665","Mexico","MEX","2021-10-26",2
"666","Mexico","MEX","2021-10-27",2
"667","Mexico","MEX","2021-10-28",2
"668","Mexico","MEX","2021-10-29",2
"669","Mexico","MEX","2021-10-30",2
"670","Mexico","MEX","2021-10-31",2
"671","Mexico","MEX","2021-11-01",2
"672","Mexico","MEX","2021-11-02",2
"673","Mexico","MEX","2021-11-03",2
"674","Mexico","MEX","2021-11-04",2
"675","Mexico","MEX","2021-11-05",2
"676","Mexico","MEX","2021-11-06",2
"677","Mexico","MEX","2021-11-07",2
"678","Mexico","MEX","2021-11-08",2
"679","Mexico","MEX","2021-11-09",2
"680","Mexico","MEX","2021-11-10",2
"681","Mexico","MEX","2021-11-11",2
"682","Mexico","MEX","2021-11-12",2
"683","Mexico","MEX","2021-11-13",2
"684","Mexico","MEX","2021-11-14",2
"685","Mexico","MEX","2021-11-15",2
"686","Mexico","MEX","2021-11-16",2
"687","Mexico","MEX","2021-11-17",2
"688","Mexico","MEX","2021-11-18",2
"689","Mexico","MEX","2021-11-19",2
"690","Mexico","MEX","2021-11-20",2
"691","Mexico","MEX","2021-11-21",2
"692","Mexico","MEX","2021-11-22",2
"693","Mexico","MEX","2021-11-23",2
"694","Mexico","MEX","2021-11-24",2
"695","Mexico","MEX","2021-11-25",2
"696","Mexico","MEX","2021-11-26",2
"697","Mexico","MEX","2021-11-27",2
"698","Mexico","MEX","2021-11-28",2
"699","Mexico","MEX","2021-11-29",2
"700","Mexico","MEX","2021-11-30",2
"701","Mexico","MEX","2021-12-01",2
"702","Mexico","MEX","2021-12-02",2
"703","Mexico","MEX","2021-12-03",2
"704","Mexico","MEX","2021-12-04",2
"705","Mexico","MEX","2021-12-05",2
"706","Mexico","MEX","2021-12-06",2
"707","Mexico","MEX","2021-12-07",1
"708","Mexico","MEX","2021-12-08",1
"709","Mexico","MEX","2021-12-09",1
"710","Mexico","MEX","2021-12-10",1
"711","Mexico","MEX","2021-12-11",1
"712","Mexico","MEX","2021-12-12",1
"713","Mexico","MEX","2021-12-13",2
"714","Mexico","MEX","2021-12-14",2
"715","Mexico","MEX","2021-12-15",2
"716","Mexico","MEX","2021-12-16",2
"717","Mexico","MEX","2021-12-17",2
"718","Mexico","MEX","2021-12-18",2
"719","Mexico","MEX","2021-12-19",2
"720","Mexico","MEX","2021-12-20",2
"721","Mexico","MEX","2021-12-21",2
"722","Mexico","MEX","2021-12-22",2
"723","Mexico","MEX","2021-12-23",2
"724","Mexico","MEX","2021-12-24",2
"725","Mexico","MEX","2021-12-25",2
"726","Mexico","MEX","2021-12-26",2
"727","Mexico","MEX","2021-12-27",2
"728","Mexico","MEX","2021-12-28",2
"729","Mexico","MEX","2021-12-29",2
"730","Mexico","MEX","2021-12-30",2
"731","Mexico","MEX","2021-12-31",2
"732","Mexico","MEX","2022-01-01",2
"733","Mexico","MEX","2022-01-02",2
"734","Mexico","MEX","2022-01-03",2
"735","Mexico","MEX","2022-01-04",2
"736","Mexico","MEX","2022-01-05",2
"737","Mexico","MEX","2022-01-06",2
"738","Mexico","MEX","2022-01-07",2
"739","Mexico","MEX","2022-01-08",2
"740","Mexico","MEX","2022-01-09",2
"741","Mexico","MEX","2022-01-10",2
"742","Mexico","MEX","2022-01-11",2
"743","Mexico","MEX","2022-01-12",2
"744","Mexico","MEX","2022-01-13",2
"745","Mexico","MEX","2022-01-14",2
"746","Mexico","MEX","2022-01-15",2
"747","Mexico","MEX","2022-01-16",2
"748","Mexico","MEX","2022-01-17",2
"749","Mexico","MEX","2022-01-18",2
"750","Mexico","MEX","2022-01-19",2
"751","Mexico","MEX","2022-01-20",2
"752","Mexico","MEX","2022-01-21",2
"753","Mexico","MEX","2022-01-22",2
"754","Mexico","MEX","2022-01-23",2
"755","Mexico","MEX","2022-01-24",2
"756","Mexico","MEX","2022-01-25",2
"757","Mexico","MEX","2022-01-26",2
"758","Mexico","MEX","2022-01-27",2
"759","Mexico","MEX","2022-01-28",2
"760","Mexico","MEX","2022-01-29",2
"761","Mexico","MEX","2022-01-30",2
"762","Mexico","MEX","2022-01-31",2
"763","Mexico","MEX","2022-02-01",2
"764","Mexico","MEX","2022-02-02",2
"765","Mexico","MEX","2022-02-03",2
"766","Mexico","MEX","2022-02-04",2
"767","Mexico","MEX","2022-02-05",2
"768","Mexico","MEX","2022-02-06",2
"769","Mexico","MEX","2022-02-07",2
"770","Mexico","MEX","2022-02-08",2
"771","Mexico","MEX","2022-02-09",2
"772","Mexico","MEX","2022-02-10",2
"773","Mexico","MEX","2022-02-11",2
"774","Mexico","MEX","2022-02-12",2
"775","Mexico","MEX","2022-02-13",2
"776","Mexico","MEX","2022-02-14",2
"777","Mexico","MEX","2022-02-15",2
"778","Mexico","MEX","2022-02-16",2
"779","Mexico","MEX","2022-02-17",2
"780","Mexico","MEX","2022-02-18",2
"781","Mexico","MEX","2022-02-19",2
"782","Mexico","MEX","2022-02-20",2
"783","Mexico","MEX","2022-02-21",2
"784","Mexico","MEX","2022-02-22",2
"785","Mexico","MEX","2022-02-23",2
"786","Mexico","MEX","2022-02-24",2
"787","Mexico","MEX","2022-02-25",2
"788","Mexico","MEX","2022-02-26",2
"789","Mexico","MEX","2022-02-27",2
"790","Mexico","MEX","2022-02-28",2
"791","Mexico","MEX","2022-03-01",2
"792","Mexico","MEX","2022-03-02",2
"793","Mexico","MEX","2022-03-03",2
"794","Mexico","MEX","2022-03-04",2
"795","Mexico","MEX","2022-03-05",2
"796","Mexico","MEX","2022-03-06",2
"797","Mexico","MEX","2022-03-07",2
"798","Mexico","MEX","2022-03-08",2
"799","Mexico","MEX","2022-03-09",2
"800","Mexico","MEX","2022-03-10",2
"801","Mexico","MEX","2022-03-11",2
"802","Mexico","MEX","2022-03-12",2
"803","Mexico","MEX","2022-03-13",2
"804","Mexico","MEX","2022-03-14",2
"805","Mexico","MEX","2022-03-15",2
"806","Mexico","MEX","2022-03-16",2
"807","Mexico","MEX","2022-03-17",2
"808","Mexico","MEX","2022-03-18",2
"809","Mexico","MEX","2022-03-19",2
"810","Mexico","MEX","2022-03-20",2
"811","Mexico","MEX","2022-03-21",0
"812","Mexico","MEX","2022-03-22",0
"813","Mexico","MEX","2022-03-23",0
"814","Mexico","MEX","2022-03-24",0
"815","Mexico","MEX","2022-03-25",0
"816","Mexico","MEX","2022-03-26",0
"817","Mexico","MEX","2022-03-27",0
"818","Mexico","MEX","2022-03-28",0
"819","Mexico","MEX","2022-03-29",0
"820","Mexico","MEX","2022-03-30",0
"821","Mexico","MEX","2022-03-31",0
"822","Mexico","MEX","2022-04-01",0
"823","Mexico","MEX","2022-04-02",0
"824","Mexico","MEX","2022-04-03",0
"825","Mexico","MEX","2022-04-04",0
"826","Mexico","MEX","2022-04-05",0
"827","Mexico","MEX","2022-04-06",0
"828","Mexico","MEX","2022-04-07",0
"829","Mexico","MEX","2022-04-08",0
"830","Mexico","MEX","2022-04-09",0
"831","Mexico","MEX","2022-04-10",0
"832","Mexico","MEX","2022-04-11",0
"833","Mexico","MEX","2022-04-12",0
"834","Mexico","MEX","2022-04-13",0
"835","Mexico","MEX","2022-04-14",0
"836","Mexico","MEX","2022-04-15",0
"837","Mexico","MEX","2022-04-16",0
"838","Mexico","MEX","2022-04-17",0
"839","Mexico","MEX","2022-04-18",0
"840","Mexico","MEX","2022-04-19",0
"841","Mexico","MEX","2022-04-20",0
"842","Mexico","MEX","2022-04-21",0
"843","Mexico","MEX","2022-04-22",0
"844","Mexico","MEX","2022-04-23",0
"845","Mexico","MEX","2022-04-24",0
"846","Mexico","MEX","2022-04-25",0
"847","Mexico","MEX","2022-04-26",0
"848","Mexico","MEX","2022-04-27",0
"849","Mexico","MEX","2022-04-28",0
"850","Mexico","MEX","2022-04-29",0
"851","Mexico","MEX","2022-04-30",0
"852","Mexico","MEX","2022-05-01",0
